productId,vendorName,productName,notes,"regex_field","regex_pattern","default_sourcetype_search","extended_fields","term_fields",eventtypeId,app,appid,path
"AWS__Billing_Logs",AWS,"Billing Logs",,sourcetype,"^aws.*billing.*$","sourcetype=aws*billing*",,,DS034ApplicationLogs,,,
"AWS__CloudTrail",AWS,CloudTrail,,sourcetype,"^aws:cloudtrail$","sourcetype=aws:cloudtrail",,,"VendorSpecific-aws-cloudtrail","Splunk Add-on for Amazon Kinesis Firehose|Splunk Add-on for Amazon Web Services (AWS)","Splunk_TA_aws-kinesis-firehose|Splunk_TA_aws","https://splunkbase.splunk.com/app/3719/|https://splunkbase.splunk.com/app/1876/"
"AWS__CloudWatch",AWS,CloudWatch,,sourcetype,"^aws:cloudwatch$","sourcetype=aws:cloudwatch",,,"DS022HostPerformance-ET01General","Splunk Add-on for Amazon Web Services (AWS)","Splunk_TA_aws","https://splunkbase.splunk.com/app/1876/"
"AWS__CloudWatch_EKS",AWS,EKS,,sourcetype,"^aws:cloudwatch.*$","sourcetype=aws:cloudwatch*",,"TERM(k8s)","VendorSpecific-aws-cloudwatch-eks",,,
"AWS__Config",AWS,Config,,sourcetype,"^aws:config$","sourcetype=aws:config",,,"DS015ConfigurationManagement-ET01General|VendorSpecific-aws-config","Splunk Add-on for Amazon Web Services (AWS)","Splunk_TA_aws","https://splunkbase.splunk.com/app/1876/"
"AWS__Description",AWS,Description,,sourcetype,"^aws:description$","sourcetype=aws:description",,,"DS015ConfigurationManagement-ET01General|VendorSpecific-aws-description","Splunk Add-on for Amazon Web Services (AWS)","Splunk_TA_aws","https://splunkbase.splunk.com/app/1876/"
"AWS__Elastic_Load_Balancer",AWS,"Elastic Load Balancer (ELB)",,sourcetype,"^aws:elb:accesslogs$","sourcetype=""aws:elb:accesslogs""",,,"DS031ApplicationLoadBalancer-ET01General",,,
"AWS__S3",AWS,S3,,sourcetype,"^aws:s3:accesslogs$","sourcetype=aws*s3*access",,,"DS014WebServer-ET01Access|VendorSpecific-aws-s3-access",,,
"AWS__Securityhub",AWS,Securityhub,,sourcetype,"^aws:securityhub:finding$","sourcetype=aws:securityhub:finding",,,"DS020HostIntrustionDetection-ET01SigDetected|VendorSpecific-aws-securityhub","Splunk Add-on for Amazon Kinesis Firehose|Splunk Add-on for Amazon Web Services (AWS)","Splunk_TA_aws-kinesis-firehose|Splunk_TA_aws","https://splunkbase.splunk.com/app/3719/|https://splunkbase.splunk.com/app/1876/"
"AWS__Securityhub_Firehose",AWS,"Securityhub (Firehose)",,sourcetype,"^aws:securityhub:firehose$","sourcetype=aws:securityhub:firehose",,,"DS020HostIntrustionDetection-ET01SigDetected|VendorSpecific-aws-securityhub",,,
"AWS__VPC_Flow_Logs",AWS,"VPC Flow Logs",,sourcetype,"^aws:cloudwatchlogs:vpcflow$","sourcetype=aws*vpcflow",,,"DS010NetworkCommunication-ET01Traffic|VendorSpecific-aws-vpcflow",,,
"Apache__Web_Server",Apache,"Web Server",,sourcetype,"^(access_combined|apache:access.*)$","sourcetype=access_combined OR sourcetype=""apache:access*""",,,"DS014WebServer-ET01Access","Add-on for Access Combined","Splunk_TA_access_combined","https://splunkbase.splunk.com/app/3434/"
"Aruba__Networks_AAA",Aruba,"Networks (AAA)",,sourcetype,"^aruba:aaa$","sourcetype=aruba:aaa",,,"DS028NetworkDeviceAssociation-ET01General",,,
"Aruba__Networks_Authentication",Aruba,"Networks (Auth)",,sourcetype,"^aruba:.*$","sourcetype=aruba:*",,"TERM(Authentication) OR TERM(Authenticated) OR TERM(logged)","DS003Authentication-ET01Success|DS003Authentication-ET02Failure",,,
"Aruba__Networks_IDS",Aruba,"Networks (IDS)",,sourcetype,"^aruba:.*$","sourcetype=aruba:*",,"TERM(ids)","DS012NetworkIntrusionDetection-ET01SigDetection",,,
"Aruba__Networks_Traffic",Aruba,"Networks (Traffic)",,sourcetype,"^aruba:.*$","sourcetype=aruba:*","transport=""tcp"" OR transport=""udp""",,"DS010NetworkCommunication-ET01Traffic",,,
"Azure__AKS",Azure,AKS,,sourcetype,"^mscs:storage:blob.*$","sourcetype=mscs:storage:blob*",,"TERM(k8s)","VendorSpecific-azure-aks-audit",,,
"Azure__Active_Directory",Azure,"Active Directory Sign-In",,sourcetype,"^(ms:aad:signin|azure:aad:signin)$","sourcetype=ms:aad:signin OR sourcetype=azure:aad:signin",,,"DS003Authentication-ET01Success|DS003Authentication-ET02Failure","Azure Extended Technical Add-on (beta)|Splunk Add on for Microsoft Azure","Azure_TA_nxtp|TA-MS-AAD","https://splunkbase.splunk.com/app/6400/|https://splunkbase.splunk.com/app/3757/"
"Azure__Active_Directory_Audit",Azure,"Active Directory Audit",,sourcetype,"^ms:aad:audit$","sourcetype=ms:aad:audit",,,"VendorSpecific-azure-ad-audit","Splunk Add on for Microsoft Azure","TA-MS-AAD","https://splunkbase.splunk.com/app/3757/"
"Azure__Audit",Azure,"Azure Audit",,sourcetype,"^mscs:azure:audit$","sourcetype=mscs:azure:audit",,,"VendorSpecific-azure-audit","Splunk Add-on for Microsoft Cloud Services","Splunk_TA_microsoft-cloudservices","https://splunkbase.splunk.com/app/3110/"
"Azure__Defender_Advanced_Hunting",Azure,"Defender Advanced Hunting",,sourcetype,"^mscs:azure:eventhub:defender:advancedhunting$","sourcetype=mscs:azure:eventhub:defender:advancedhunting",,,"DS012NetworkIntrusionDetection-ET01SigDetection|DS009EndPointIntel-ET01ProcessLaunch|DS009EndPointIntel-ET03ProcessLaunchwithCLI|DS009EndPointIntel-ET04ProcessLaunchWithHash|VendorSpecific-Crowdstrike","Microsoft Defender Advanced Hunting Add-on for Splunk","TA-microsoft-365-defender-advanced-hunting-add-on","https://splunkbase.splunk.com/app/5518/"
"Azure__Security_Audit",Azure,"Security Audit",,sourcetype,"^mscs:azure:security:recommendation$","sourcetype=mscs:azure:security:recommendation",,,"DS012NetworkIntrusionDetection-ET01SigDetection|DS004EndPointAntiMalware-ET01SigDetected","Splunk Add-on for Microsoft Cloud Services","Splunk_TA_microsoft-cloudservices","https://splunkbase.splunk.com/app/3110/"
"Azure__Security_Audit",Azure,"Security Center (Alert(",,sourcetype,"^azure:eventhub:activity$","sourcetype=mscs:azure:security:recommendation",,,"DS012NetworkIntrusionDetection-ET01SigDetection|DS004EndPointAntiMalware-ET01SigDetected","Splunk Add-on for Microsoft Cloud Services","Splunk_TA_microsoft-cloudservices","https://splunkbase.splunk.com/app/3110/"
"Azure__Security_Audit",Azure,"Azure Security",,sourcetype,"^mscs:azure:eventhub$","sourcetype=mscs:azure:eventhub",,,"DS012NetworkIntrusionDetection-ET01SigDetection",,,
"Azure__Security_Audit",Azure,"Azure Security",,sourcetype,"^mscs:azure:security:alert$","sourcetype=mscs:azure:security:alert",,,"DS012NetworkIntrusionDetection-ET01SigDetection|DS004EndPointAntiMalware-ET01SigDetected",,,
"Azure__Security_Audit",Azure,"Azure Security",,sourcetype,"^azure:securityCenter:alert$","sourcetype=azure:securityCenter:alert",,,"DS012NetworkIntrusionDetection-ET01SigDetection|DS004EndPointAntiMalware-ET01SigDetected",,,
"Azure__Security_Audit",Azure,"Azure Security",,sourcetype,"^mscs:azure:security:recommendation$","sourcetype=mscs:azure:security:recommendation",,,"DS012NetworkIntrusionDetection-ET01SigDetection|DS004EndPointAntiMalware-ET01SigDetected",,,
"Blue_Coat__ProxyAV","Blue Coat",ProxyAV,,sourcetype,"^(bluecoat:proxysg:access.*|bcoat_proxy)$","sourcetype=bluecoat:proxysg:access* OR sourcetype=bcoat_proxy",,,"DS005WebProxyRequest-ET01Requested","Getting Started with Splunk Security","security_getting_started","https://splunkbase.splunk.com/app/3358/"
"Bluecat_DHCP",Bluecat,DHCP,,sourcetype,"^syslog:bluecat|bluecat:dhcp.*$","sourcetype=syslog:bluecat OR sourcetype=bluecat:dhcp*",,"TERM(dhcpd)","DS025IPAddressAssignment-ET01General","BlueCat Add-On for Splunk","ta-bluecat","https://splunkbase.splunk.com/app/4839/"
"Bluecat_DNS",Bluecat,DNS,,sourcetype,"^syslog:bluecat|bluecat:dns:edge|bluecat:dns.*$","sourcetype=syslog:bluecat OR sourcetype=bluecat:dns:edge OR sourcetype=bluecat:dns*",,"TERM(named)","DS002DNS-ET01QueryResponse|DS002DNS-ET01QueryRequest|DS002DNS-ET01Query","BlueCat Add-On for Splunk|BlueCat DNS Edge Technical Add-on for Splunk","ta-bluecat|TA_BlueCat_dns_edge","https://splunkbase.splunk.com/app/4839/|https://splunkbase.splunk.com/app/3816/"
"Box__Audit_Logs",Box,"Audit Logs",,sourcetype,"^(box:.*|box)$","sourcetype=box:* OR sourcetype=box",,,"VendorSpecific-Box",,,
"Bro__Conn",Bro,Conn,,sourcetype,"^bro_conn|bro:conn:json$","sourcetype=bro_conn OR sourcetype=bro:conn:json",,,"DS010NetworkCommunication-ET01Traffic","TA for Zeek","Splunk_TA_zeek","https://splunkbase.splunk.com/app/5466/"
"Bro__DHCP",Bro,DHCP,,sourcetype,"^bro_dhcp|bro:dhcp:json$","sourcetype=bro_dhcp OR sourcetype=bro:dhcp:json",,,"DS025IPAddressAssignment-ET01General","TA for Zeek","Splunk_TA_zeek","https://splunkbase.splunk.com/app/5466/"
"Bro__DNS",Bro,DNS,,sourcetype,"^bro_dns|bro:dns:json$","sourcetype=bro_dns OR sourcetype=bro:dns:json",,,"DS002DNS-ET01QueryResponse|DS002DNS-ET01QueryRequest|DS002DNS-ET01Query","TA for Zeek","Splunk_TA_zeek","https://splunkbase.splunk.com/app/5466/"
"Bro__FTP",Bro,FTP,,sourcetype,"^bro_ftp|bro:ftp:json$","sourcetype=bro_ftp OR sourcetype=bro:ftp:json",,,"DS010NetworkCommunication-ET01TrafficAppAware","Getting Started with Splunk Security","security_getting_started","https://splunkbase.splunk.com/app/3358/"
"Bro__HTTP",Bro,HTTP,,sourcetype,"^bro_http|bro:ftp:json$","sourcetype=bro_http OR sourcetype=bro:http:json",,,"DS014WebServer-ET01Access","TA for Zeek","Splunk_TA_zeek","https://splunkbase.splunk.com/app/5466/"
"Bro__Notice",Bro,Notice,,sourcetype,"^bro_notice|bro:notice:json$","sourcetype=bro_notice OR sourcetype=bro:notice:json",,,"DS012NetworkIntrusionDetection-ET01SigDetection","TA for Zeek","Splunk_TA_zeek","https://splunkbase.splunk.com/app/5466/"
"Bro__SMTP",Bro,SMTP,,sourcetype,"^bro_smtp|bro:smtp:json$","sourcetype=bro_smtp OR sourcetype=bro:smtp:json",,,"DS001MAIL-ET02Receive|DS001MAIL-ET03Send","TA for Zeek","Splunk_TA_zeek","https://splunkbase.splunk.com/app/5466/"
"Bro__SSH",Bro,SSH,,sourcetype,"^bro_ssh|bro:ssh:json$","sourcetype=bro_ssh OR sourcetype=bro:ssh:json",,,"DS010NetworkCommunication-ET01TrafficAppAware","Getting Started with Splunk Security","security_getting_started","https://splunkbase.splunk.com/app/3358/"
"Bro__SSL",Bro,SSL,,sourcetype,"^bro_ssl|bro:ssl:json$","sourcetype=bro_ssl OR sourcetype=bro:ssh:json",,,"DS010NetworkCommunication-ET01TrafficAppAware","TA for Zeek","Splunk_TA_zeek","https://splunkbase.splunk.com/app/5466/"
"Check_Point__Anti-Bot","Check Point","Anti-Bot",,sourcetype,"^opsec:anti_bot$","sourcetype=opsec:anti_bot",,,"DS012NetworkIntrusionDetection-ET01SigDetection","CCX Unified Splunk Add-on for Checkpoint","Splunk_TA_CCX_Unified_Checkpoint","https://splunkbase.splunk.com/app/5402/"
"Check_Point__Application_Control","Check Point","Application Control",,sourcetype,"^opsec:app_control$","sourcetype=opsec:app_control",,,"DS010NetworkCommunication-ET01TrafficAppAware",,,
"Check_Point__DLP","Check Point",DLP,,sourcetype,"^opsec:dlp$","sourcetype=opsec:dlp",,,"DS016DataLossPrevention-ET01Violation",,,
"Check_Point__Firewall","Check Point",Firewall,,sourcetype,"^opsec:firewall$","sourcetype=opsec:firewall",,,"DS010NetworkCommunication-ET01Traffic",,,
"Check_Point__IPS","Check Point",IPS,,sourcetype,"^opsec:smartdefense$","sourcetype=opsec:smartdefense",,,"DS012NetworkIntrusionDetection-ET01SigDetection","CCX Unified Splunk Add-on for Checkpoint","Splunk_TA_CCX_Unified_Checkpoint","https://splunkbase.splunk.com/app/5402/"
"Check_Point__Network_Anti-Virus","Check Point","Network Anti-Virus",,sourcetype,"^(opsec:anti_malware|opsec:anti_virus)$","sourcetype=opsec:anti_malware OR sourcetype=opsec:anti_virus",,,"DS004EndPointAntiMalware-ET01SigDetected","CCX Unified Splunk Add-on for Checkpoint","Splunk_TA_CCX_Unified_Checkpoint","https://splunkbase.splunk.com/app/5402/"
"Check_Point__Threat_Emulation","Check Point","Threat Emulation",,sourcetype,"^opsec:threat_emulation$","sourcetype=opsec:threat_emulation",,,"DS011MalwareDetonation-ET01Detection","CCX Unified Splunk Add-on for Checkpoint","Splunk_TA_CCX_Unified_Checkpoint","https://splunkbase.splunk.com/app/5402/"
"Check_Point__URL_Filtering","Check Point","URL Filtering",,sourcetype,"^opsec$","sourcetype=opsec",,"TERM(URL) TERM(Filtering)","DS014WebServer-ET01Access","CCX Unified Splunk Add-on for Checkpoint","Splunk_TA_CCX_Unified_Checkpoint","https://splunkbase.splunk.com/app/5402/"
"Check_Point__VPN","Check Point",VPN,,sourcetype,"^opsec:vpn$","sourcetype=opsec:vpn",,,"DS025IPAddressAssignment-ET01General|DS010NetworkCommunication-ET01Traffic|DS003Authentication-ET01Success|DS003Authentication-ET02Failure","CCX Unified Splunk Add-on for Checkpoint","Splunk_TA_CCX_Unified_Checkpoint","https://splunkbase.splunk.com/app/5402/"
"CircleCI__CICD","Circle CI",CICD,,sourcetype,"^circleci$","sourcetype=circleci",,,"DS014WebServer-ET03SourceCode|VendorSpecific-circleci",,,
"Cisco__ACS",Cisco,ACS,,sourcetype,"^(acs|cisco:acs)$","sourcetype=acs OR sourcetype=cisco:acs",,,"DS025IPAddressAssignment-ET01General|DS003Authentication-ET01Success|DS003Authentication-ET02Failure","Technology Add-on for Cisco Secure Access Control Server (ACS)","TA-cisco_acs","https://splunkbase.splunk.com/app/1811/"
"Cisco__ASA_Firewall",Cisco,"ASA Firewall",,sourcetype,"^cisco:asa$","sourcetype=cisco:asa",,,"DS010NetworkCommunication-ET01Traffic","Splunk Add-on for Cisco ASA","Splunk_TA_cisco-asa","https://splunkbase.splunk.com/app/1620/"
"Cisco__Email_Security_Appliance_ESA__Ironport",Cisco,"Email Security Appliance (ESA) / Ironport",,sourcetype,"^(cisco:esa:.*|ironport)$","sourcetype=cisco:esa:* OR sourcetype=ironport",,,"DS001MAIL-ET02Receive|DS001MAIL-ET03Send",,,
"Cisco__IOS",Cisco,IOS,,sourcetype,"^eventtype=cisco_ios$","eventtype=cisco_ios",,,"DS010NetworkCommunication-ET01Traffic|VendorSpecific-cisco-ios","IronDefense Add-on for Splunk","TA-ironnet_splunk","https://splunkbase.splunk.com/app/6267/"
"Cisco__Identity_Services_Engine_ISE",Cisco,"Identity Services Engine (ISE)",,sourcetype,"^cisco:ise$","sourcetype=cisco:ise",,,"DS025IPAddressAssignment-ET01General|DS003Authentication-ET01Success|DS003Authentication-ET02Failure|DS028NetworkDeviceAssociation-ET01General","Splunk Add-on for Cisco Identity Services","Splunk_TA_cisco-ise","https://splunkbase.splunk.com/app/1915/"
"Cisco__Meraki",Cisco,Meraki,,sourcetype,"^.*meraki.*$","sourcetype=*meraki*",,,"DS010NetworkCommunication-ET01Traffic|DS012NetworkIntrusionDetection-ET01SigDetection|DS005WebProxyRequest-ET01Requested|DS005WebProxyRequest-ET01RequestedWebAppAware|DS025IPAddressAssignment-ET01General",,,
"Cisco__Meraki_Wifi",Cisco,Meraki,,sourcetype,"^meraki.*$","sourcetype=meraki*",,,"DS028NetworkDeviceAssociation-ET01General",,,
"Cisco__PIX",Cisco,PIX,,sourcetype,"^(pix|cisco:pix)$","sourcetype=pix OR sourcetype=cisco:pix",,,"DS010NetworkCommunication-ET01Traffic",,,
"Cisco__Sourcefire",Cisco,Sourcefire,,sourcetype,"^cisco:sourcefire.*$","sourcetype=cisco:sourcefire*",,,"DS012NetworkIntrusionDetection-ET01SigDetection",,,
"Cisco__Umbrella_DNS",Cisco,"Umbrella DNS",,,,"",,,,"IronDefense Add-on for Splunk","TA-ironnet_splunk","https://splunkbase.splunk.com/app/6267/"
"Cisco__Web_Security_Appliance_WSA",Cisco,"Web Security Appliance (WSA)",,sourcetype,"^cisco:wsa$","sourcetype=cisco:wsa",,,"DS014WebServer-ET01Access",,,
"Cisco__eStreamer",Cisco,eStreamer,,sourcetype,"^(estreamer|cisco:estreamer.*)$","sourcetype=estreamer OR sourcetype=cisco:estreamer*",,,"DS012NetworkIntrusionDetection-ET01SigDetection","Splunk Add-on for Cisco FireSIGHT","Splunk_TA_sourcefire","https://splunkbase.splunk.com/app/1808/"
"Crowdstrike__Falcon",Crowdstrike,Falcon,,sourcetype,"^crowdstrike:falcon.*$","sourcetype=crowdstrike:falcon*",,,"DS009EndPointIntel-ET01ProcessLaunch|DS009EndPointIntel-ET03ProcessLaunchwithCLI|DS009EndPointIntel-ET04ProcessLaunchWithHash|VendorSpecific-Crowdstrike",,,
"CyberArk__Enterprise_Password_Vault",CyberArk,"Enterprise Password Vault",,sourcetype,"^cyberark:epv:.*$","sourcetype=cyberark:epv*",,,"DS003Authentication-ET01Success|DS003Authentication-ET02Failure",,,
"Cylance__Protect",Cylance,Protect,,sourcetype,"^(syslog_protect|syslog_app_control|syslog_audit_log|syslog_device|syslog_device_control|syslog_exploit|syslog_optics|syslog_script_control|syslog_threat|syslog_threat_classification)$","sourcetype=syslog_*","eventtype=cylance_index",,"DS009EndPointIntel-ET01ProcessLaunch|DS009EndPointIntel-ET03ProcessLaunchwithCLI|DS009EndPointIntel-ET04ProcessLaunchWithHash",,,
"Darktrace__IDS",Darktrace,IDS,,sourcetype,"^darktrace.*$","sourcetype=darktrace*",,,"DS012NetworkIntrusionDetection-ET01SigDetection",,,
"Dtex__Dtex",Dtex,Dtex,,sourcetype,"^dtex_st_activities$","sourcetype=""dtex_st_activities""",,,"DS003Authentication-ET01Success|DS003Authentication-ET02Failure|DS009EndPointIntel-ET01ObjectChange|DS010NetworkCommunication-ET01Traffic|DS009EndPointIntel-ET01ProcessLaunch|DS009EndPointIntel-ET04ProcessLaunchWithHash|DS010NetworkCommunication-ET03UserAware|DS016DataLossPrevention-ET01Violation",,,
"F5_BigIp",F5,"Big IP",,sourcetype,"^f5:bigip.*|f5:telemetry:json$","sourcetype=f5:*",,,"DS031ApplicationLoadBalancer-ET01General|VendorSpecific-f5bigip",,,
"F5__Bigip_Rogue",F5,"Bigip (Rogue)",,sourcetype,"^f5:bigip:rogue$","sourcetype=f5:bigip:rogue",,,"DS031ApplicationLoadBalancer-ET01General|VendorSpecific-f5bigip",,,
"FireEye__Email_Security",FireEye,"Email Security (ETP)",,sourcetype,"^fe_etp$","sourcetype=fe_etp",,,"DS001MAIL-ET02Receive|DS001MAIL-ET03Send|DS004EndPointAntiMalware-ET01SigDetected","FireEye Add-on for Splunk Enterprise","TA-FireEye_v3","https://splunkbase.splunk.com/app/1904/"
"FireEye__Endpoint",FireEye,"Endpoint Security (HX series)",,sourcetype,"^hx_.*$","sourcetype=hx_*",,,"DS004EndPointAntiMalware-ET01SigDetected|DS004EndPointAntiMalware-ET02UpdatedSig|DS004EndPointAntiMalware-ET03UpdatedEng|S020HostIntrustionDetection-ET01SigDetected",,,
"FireEye__IDS",FireEye,IDS,,sourcetype,"^fe_.*syslog|fe_json|fe_xml$","sourcetype=fe_*syslog OR sourcetype=fe_json OR sourcetype=fe_xml",,,"DS012NetworkIntrusionDetection-ET01SigDetection","FireEye Add-on for Splunk Enterprise","TA-FireEye_v3","https://splunkbase.splunk.com/app/1904/"
"Fortinet__Firewall",Fortinet,Firewall,,sourcetype,"^fortinet|fgt_traffic$","sourcetype=fortinet OR sourcetype=fgt_traffic",,,"DS010NetworkCommunication-ET01Traffic","Fortinet FortiGate Add-On for Splunk","Splunk_TA_fortinet_fortigate","https://splunkbase.splunk.com/app/2846/"
"Fortinet__Firewall_UTM",Fortinet,UTM,,sourcetype,"^fgt_utm$","sourcetype=fgt_utm",,,"DS012NetworkIntrusionDetection-ET01SigDetection|DS005WebProxyRequest-ET01Requested|DS005WebProxyRequest-ET01RequestedWebAppAware","Fortinet FortiGate Add-On for Splunk","Splunk_TA_fortinet_fortigate","https://splunkbase.splunk.com/app/2846/"
"Fortinet__Firewall_w_App",Fortinet,Firewall,,sourcetype,"^fgt_traffic$","sourcetype=fgt_traffic","app=*",,"DS010NetworkCommunication-ET01Traffic|DS010NetworkCommunication-ET01TrafficAppAware","Fortinet FortiGate Add-On for Splunk","Splunk_TA_fortinet_fortigate","https://splunkbase.splunk.com/app/2846/"
"Fortinet__Firewall_w_User",Fortinet,Firewall,,sourcetype,"^fgt_traffic$","sourcetype=fgt_traffic","user=*",,"DS010NetworkCommunication-ET01Traffic|DS010NetworkCommunication-ET03UserAware","Fortinet FortiGate Add-On for Splunk","Splunk_TA_fortinet_fortigate","https://splunkbase.splunk.com/app/2846/"
"Github__Github",Github,Github,,sourcetype,"^aws:firehose:json$","sourcetype=aws:firehose:json",,,"DS014WebServer-ET03SourceCode","Splunk Add-on for Amazon Kinesis Firehose|Splunk Add-on for Amazon Web Services (AWS)","Splunk_TA_aws-kinesis-firehose|Splunk_TA_aws","https://splunkbase.splunk.com/app/3719/|https://splunkbase.splunk.com/app/1876/"
"Google_GCP",Google,GCP,,sourcetype,"^google:gcp:pubsub.*$","sourcetype=google:gcp:*",,,"VendorSpecific-gcp",,,
"Google_GCP_Audit",Google,GCP,,sourcetype,"^google:gcp:pubsub:message$","sourcetype=google:gcp:pubsub:message",,,"VendorSpecific-gcp-audit|DS003Authentication-ET01Success|DS003Authentication-ET02Failure",,,
"Google_GCP_Authentication",Google,GCP,,sourcetype,"^google:gcp:pubsub:audit:auth$","sourcetype=google:gcp:pubsub:audit:auth",,,"VendorSpecific-gcp-audit|DS003Authentication-ET01Success|DS003Authentication-ET02Failure",,,
"Google_GCP_GKE_Audit",Google,GKE,,sourcetype,"^google:gcp:pubsub:message$","sourcetype=google:gcp:pubsub:message",,"TERM(k8s)","VendorSpecific-gcp-gke-audit",,,
"Google_GSuite_Authentication",Google,Gsuite,,sourcetype,"^google:gsuite:pubsub:audit:auth$","sourcetype=google:gsuite:pubsub:audit:auth",,,"VendorSpecific-gcp-audit|DS003Authentication-ET01Success|DS003Authentication-ET02Failure",,,
"Google__Drive",Google,Drive,,sourcetype,"^gsuite:drive:json$","sourcetype=gsuite:drive:json",,,"VendorSpecific-google-drive",,,
"Google__Gmail",Google,Gmail,,sourcetype,"^gmail:audit:headers$","sourcetype=gmail:audit:headers",,,"DS001MAIL-ET02Receive|DS001MAIL-ET03Send|VendorSpecific-google-gmail",,,
"Google__Gmail_bigquery",Google,"Gmail (Big Query)",,sourcetype,"^gsuite:gmail:bigquery$","sourcetype=gsuite:gmail:bigquery",,,"DS001MAIL-ET02Receive|DS001MAIL-ET03Send|VendorSpecific-google-gmail",,,
"Google__Calendar",Google,Calendar,,sourcetype,"^gsuite:calendar:json$","sourcetype=gsuite:calendar:json",,,"VendorSpecific-google-calendar",,,
"Imperva_WAF",Imperva,WAF,,sourcetype,"^imperva:.*$","sourcetype=imperva:*",,,"DS012NetworkIntrusionDetection-ET01SigDetection|DS026WebApplicationFW-ET01General",,,
"Infoblox__DHCP",Infoblox,DHCP,,sourcetype,"^infoblox:dhcp$","sourcetype=infoblox:dhcp",,,"DS025IPAddressAssignment-ET01General","Splunk Add-on for Infoblox","Splunk_TA_infoblox","https://splunkbase.splunk.com/app/2934/"
"Infoblox__DNS",Infoblox,DNS,,sourcetype,"^infoblox:dns$","sourcetype=infoblox:dns",,,"DS002DNS-ET01QueryRequest|DS002DNS-ET01Query","Splunk Add-on for Infoblox","Splunk_TA_infoblox","https://splunkbase.splunk.com/app/2934/"
"Infoblox__IDS",Infoblox,"Threat Protect",,sourcetype,"^infoblox:threatprotect$","sourcetype=infoblox:threatprotect",,,"DS012NetworkIntrusionDetection-ET01SigDetection","Splunk Add-on for Infoblox","Splunk_TA_infoblox","https://splunkbase.splunk.com/app/2934/"
"Juniper__Firewall",Juniper,Firewall,,sourcetype,"^juniper:junos:firewall.*$","sourcetype=juniper:junos:firewall*",,,"DS010NetworkCommunication-ET01Traffic",,,
"Juniper__Firewall_Change",Juniper,"Firewall (Change)",,sourcetype,"^juniper:junos:snmp$","sourcetype=juniper:junos:snmp",,,"DS010NetworkCommunication-ET02State","Splunk Add-on for Juniper","Splunk_TA_juniper","https://splunkbase.splunk.com/app/2847/"
"Juniper__Firewall_w_App",Juniper,Firewall,,sourcetype,"^juniper:junos:firewall.*$","sourcetype=juniper:junos:firewall*","app=*",,"DS010NetworkCommunication-ET01Traffic|DS010NetworkCommunication-ET01TrafficAppAware",,,
"Juniper__Firewall_w_User",Juniper,Firewall,,sourcetype,"^juniper:junos:firewall.*$","sourcetype=juniper:junos:firewall*","user=*",,"DS010NetworkCommunication-ET01Traffic|DS010NetworkCommunication-ET03UserAware",,,
"Juniper__IDS",Juniper,IDS,,sourcetype,"^(juniper:junos:idp.*|juniper:idp|juniper:junos:aamw:structured|juniper:junos:secintel:structured|juniper:junos:firewall.*)$","sourcetype=juniper*idp* OR juniper:junos:aamw:structured OR juniper:junos:secintel:structured OR juniper:junos:firewall*",,,"DS012NetworkIntrusionDetection-ET01SigDetection",,,
"Juniper__Netscreen",Juniper,Netscreen,,sourcetype,"^netscreen:firewall$","sourcetype=netscreen:firewall",,,"DS010NetworkCommunication-ET01Traffic|DS010NetworkCommunication-ET02State","Splunk Add-on for Juniper","Splunk_TA_juniper","https://splunkbase.splunk.com/app/2847/"
"Juniper__VPN",Juniper,VPN,,sourcetype,"^juniper:sslvpn$","sourcetype=juniper:sslvpn",,,"DS025IPAddressAssignment-ET01General|DS010NetworkCommunication-ET01Traffic|DS003Authentication-ET01Success|DS003Authentication-ET02Failure","Security Monitoring for Splunk","security_monitoring_for_splunk","https://splunkbase.splunk.com/app/4131/"
"Juniper__VPN_IVE",Juniper,IVE,,sourcetype,"^juniper:ive$","sourcetype=""juniper:ive""",,,"DS025IPAddressAssignment-ET01General|DS010NetworkCommunication-ET01Traffic|DS003Authentication-ET01Success|DS003Authentication-ET02Failure",,,
"Linux__Performance",Linux,Performance,,sourcetype,"^(bandwidth|cpu|df|iostat|nfsiostat|ps|Unix:CPUTime|Unix:Uptime|vmstat)$","sourcetype=""bandwidth"" OR sourcetype=""cpu"" OR sourcetype=""df"" OR sourcetype=""iostat"" OR sourcetype=""nfsiostat"" OR sourcetype=""ps"" OR sourcetype=""Unix:CPUTime"" OR sourcetype=""Unix:Uptime"" OR sourcetype=""vmstat""",,,"DS022HostPerformance-ET01General",,,
"Linux__Process_Tools",Linux,"Process Tools",,sourcetype,"^(top|ps)$","sourcetype=top OR sourcetype=ps",,,"DS003Authentication-ET01Success|DS003Authentication-ET02Failure",,,
"Linux__Security",Linux,Security,,sourcetype,"^(linux_secure|auditd)$","sourcetype=linux_secure OR sourcetype=auditd",,,"DS003Authentication-ET01Success|DS003Authentication-ET02Failure",,,
"Linux__Syslog",Linux,"Syslog (Generic)",,sourcetype,"^(linux_syslog|syslog)$","sourcetype=linux_syslog OR sourcetype=syslog",,,"DS033SystemLogs-ET01General","Splunk Add-on for Cisco ASA|Splunk Add-on for Cisco Identity Services","Splunk_TA_cisco-asa|Splunk_TA_cisco-ise","https://splunkbase.splunk.com/app/1620/|https://splunkbase.splunk.com/app/1915/"
"Linux__Updates",Linux,Updates,,sourcetype,"^(Unix:Update|Linux:Update)$","sourcetype=Unix:Update OR sourcetype=Linux:Update",,,"DS019PatchManagement-Eligible|DS019PatchManagement-Applied|DS019PatchManagement-Failed",,,
"MSSQL__agentlog",Microsoft,"SQL Server",,sourcetype,"^mssql:agentlog$","sourcetype=""mssql:agentlog""",,,"DS029DatabaseServer-ET01General",,,
"MSSQL__alwayson",Microsoft,"SQL Server",,sourcetype,"^mssql:alwayson$","sourcetype=""mssql:alwayson""",,,"DS029DatabaseServer-ET01General",,,
"MSSQL__audit",Microsoft,"SQL Server",,sourcetype,"^mssql:audit$","sourcetype=""mssql:audit""",,,"DS029DatabaseServer-ET01General",,,
"MSSQL__database",Microsoft,"SQL Server",,sourcetype,"^mssql:database$","sourcetype=""mssql:database""",,,"DS029DatabaseServer-ET01General",,,
"MSSQL__errorlog",Microsoft,"SQL Server",,sourcetype,"^mssql:errorlog$","sourcetype=""mssql:errorlog""",,,"DS029DatabaseServer-ET01General",,,
"MSSQL__execution",Microsoft,"SQL Server",,sourcetype,"^mssql:execution$","sourcetype=""mssql:execution""",,,"DS029DatabaseServer-ET01General",,,
"MSSQL__index",Microsoft,"SQL Server",,sourcetype,"^mssql:index$","sourcetype=""mssql:index""",,,"DS029DatabaseServer-ET01General",,,
"MSSQL__instance",Microsoft,"SQL Server",,sourcetype,"^mssql:instance$","sourcetype=""mssql:instance""",,,"DS029DatabaseServer-ET01General",,,
"MSSQL__mirroring",Microsoft,"SQL Server",,sourcetype,"^mssql:mirroring$","sourcetype=""mssql:mirroring""",,,"DS029DatabaseServer-ET01General",,,
"MSSQL__os",Microsoft,"SQL Server",,sourcetype,"^mssql:os$","sourcetype=""mssql:os""",,,"DS029DatabaseServer-ET01General",,,
"MSSQL__perfmon_sqlserver",Microsoft,"SQL Server",,sourcetype,"^perfmon:sqlserver:.*$","sourcetype=""perfmon:sqlserver""",,,"DS029DatabaseServer-ET01General",,,
"MSSQL__perfmon_sqlserverhost",Microsoft,"SQL Server",,sourcetype,"^perfmon:sqlserverhost:.*$","sourcetype=""perfmon:sqlserverhost""",,,"DS029DatabaseServer-ET01General",,,
"MSSQL__replication",Microsoft,"SQL Server",,sourcetype,"^mssql:replication$","sourcetype=""mssql:replication""",,,"DS029DatabaseServer-ET01General",,,
"MSSQL__table",Microsoft,"SQL Server",,sourcetype,"^mssql:table$","sourcetype=""mssql:table""",,,"DS029DatabaseServer-ET01General",,,
"MSSQL__transaction",Microsoft,"SQL Server",,sourcetype,"^mssql:transaction$","sourcetype=""mssql:transaction""",,,"DS029DatabaseServer-ET01General",,,
"MSSQL__trclog",Microsoft,"SQL Server",,sourcetype,"^mssql:trclog$","sourcetype=""mssql:trclog""",,,"DS029DatabaseServer-ET01General",,,
"MSSQL__user",Microsoft,"SQL Server",,sourcetype,"^mssql:user$","sourcetype=""mssql:user""",,,"DS029DatabaseServer-ET01General",,,
"McAfee__IDS",McAfee,IDS,,sourcetype,"^mcafee:ids$","sourcetype=mcafee:ids",,,"DS012NetworkIntrusionDetection-ET01SigDetection",,,
"McAfee__Security",McAfee,EPO,,sourcetype,"^mcafee:epo.*$","sourcetype=mcafee:epo*",,,"DS004EndPointAntiMalware-ET01SigDetected|DS004EndPointAntiMalware-ET02UpdatedSig|DS004EndPointAntiMalware-ET03UpdatedEng|S020HostIntrustionDetection-ET01SigDetected",,,
"Menlo_Security",Menlo,Proxy,,sourcetype,"^menlo.*$","sourcetype=menlo*",,,"DS005WebProxyRequest-ET01RequestedWebAppAware|DS025IPAddressAssignment-ET01General",,,
"Microsoft_Graph_1",Microsoft,"Azure Advanced Threat Protection",,sourcetype,"^GraphSecurityAlert$","sourcetype=GraphSecurityAlert",,,"DS012NetworkIntrusionDetection-ET01SigDetection",,,
"Microsoft_Graph_2",Microsoft,"Azure Security Center",,sourcetype,"^GraphSecurityAlert$","sourcetype=GraphSecurityAlert",,,"DS012NetworkIntrusionDetection-ET01SigDetection|DS004EndPointAntiMalware-ET01SigDetected",,,
"Microsoft_Graph_3",Microsoft,"Microsoft Cloud App Security",,sourcetype,"^GraphSecurityAlert$","sourcetype=GraphSecurityAlert",,,"DS012NetworkIntrusionDetection-ET01SigDetection|DS004EndPointAntiMalware-ET01SigDetected",,,
"Microsoft_Graph_4",Microsoft,"Azure Active Directory Identity Protection",,sourcetype,"^GraphSecurityAlert$","sourcetype=GraphSecurityAlert",,,"DS012NetworkIntrusionDetection-ET01SigDetection|DS004EndPointAntiMalware-ET01SigDetected",,,
"Microsoft_Graph_5",Microsoft,"Azure Sentinel",,sourcetype,"^GraphSecurityAlert$","sourcetype=GraphSecurityAlert",,,"DS012NetworkIntrusionDetection-ET01SigDetection|DS004EndPointAntiMalware-ET01SigDetected",,,
"Microsoft_Graph_6",Microsoft,"Microsoft Defender Advanced Threat Protection",,sourcetype,"^GraphSecurityAlert$","sourcetype=GraphSecurityAlert",,,"DS004EndPointAntiMalware-ET01SigDetected|DS009EndPointIntel-ET01ProcessLaunch|DS009EndPointIntel-ET03ProcessLaunchwithCLI|DS009EndPointIntel-ET04ProcessLaunchWithHash",,,
"Microsoft_Graph_7",Microsoft,"Office 365",,sourcetype,"^GraphSecurityAlert$","sourcetype=GraphSecurityAlert",,,"DS012NetworkIntrusionDetection-ET01SigDetection|DS004EndPointAntiMalware-ET01SigDetected",,,
"Microsoft__AD_Certificate_Services",Microsoft,"Active Directory Certificate Services",,source,"^(Xml|WMI|)(|:)?WinEventLog:Application$","source=""*WinEventLog:Microsoft-Windows-CertificationAuthority""",,,"DS034ApplicationLogs-ET01General","IronDefense Add-on for Splunk","TA-ironnet_splunk","https://splunkbase.splunk.com/app/6267/"
"Microsoft__DHCP",Microsoft,DHCP,,sourcetype,"^DhcpSrvLog$","sourcetype=DhcpSrvLog",,,"DS025IPAddressAssignment-ET01General","Splunk Add-on for Microsoft Windows","Splunk_TA_windows","https://splunkbase.splunk.com/app/742/"
"Microsoft__DNS",Microsoft,DNS,,source,"^(Xml|WMI|)(|:)?WinEventLog(:Security|)$","source=*WinEventLog*",,"TERM(DNS) TERM(client)","DS002DNS-ET01QueryResponse|DS002DNS-ET01QueryRequest","IronDefense Add-on for Splunk","TA-ironnet_splunk","https://splunkbase.splunk.com/app/6267/"
"Microsoft__Exchange",Microsoft,Exchange,,sourcetype,"^MSExchange.*MessageTracking$","sourcetype=MSExchange*MessageTracking",,,"DS001MAIL-ET02Receive|DS001MAIL-ET03Send",,,
"Microsoft__Exchange_IIS",Microsoft,"Exchange (IIS)",,sourcetype,"^MSWindows:IIS$","sourcetype=MSWindows:IIS",,,"DS014WebServer-ET01Access|VendorSpecific-ms-iis",,,
"Microsoft__IIS",Microsoft,IIS,,sourcetype,"^(iis|ms:iis.*)$","sourcetype=iis OR sourcetype=ms:iis*",,,"DS014WebServer-ET01Access",,,
"Microsoft__Office_365_Audit",Microsoft,"Office 365 Audit",,sourcetype,"^(ms:o365:management|o365:management:activity)$","sourcetype=o365:management:activity OR sourcetype=ms:o365:management",,,"DS003Authentication-ET01Success|DS003Authentication-ET02Failure|VendorSpecific-azure-audit","Cyences App for Splunk|Splunk Add-on for Microsoft Cloud Services","cyences_app_for_splunk|Splunk_TA_microsoft-cloudservices","https://splunkbase.splunk.com/app/5351/|https://splunkbase.splunk.com/app/3110/"
"Microsoft__Office_365_Email",Microsoft,"Office 365 Email",,sourcetype,"^ms:o365:reporting:messagetrace|ms:o365:email$","sourcetype=ms:o365:reporting:messagetrace OR sourcetype=ms:o365:email",,,"DS001MAIL-ET02Receive|DS001MAIL-ET03Send","Microsoft O365 Email Add-on for Splunk|Splunk Add-on for Microsoft Office 365 Reporting Web Service","TA_microsoft_o365_email_add_on_for_splunk|TA-MS_O365_Reporting","https://splunkbase.splunk.com/app/5365/|https://splunkbase.splunk.com/app/3720/"
"Microsoft__Sysmon",Microsoft,Sysmon,,sourcetype,"^.*WinEventLog:Microsoft-Windows-Sysmon.Operational$","sourcetype=*WinEventLog:Microsoft-Windows-Sysmon/Operational",,,"DS009EndPointIntel-ET01ProcessLaunch|DS009EndPointIntel-ET03ProcessLaunchwithCLI|DS009EndPointIntel-ET04ProcessLaunchWithHash|VendorSpecific-winsec-sysmon",,,
"Microsoft__Sysmon_DNS",Microsoft,"Sysmon DNS",,sourcetype,"^.*WinEventLog:Microsoft-Windows-Sysmon.Operational$","sourcetype=*WinEventLog:Microsoft-Windows-Sysmon/Operational","EventID=22",22,"DS002DNS-ET01QueryResponse|DS002DNS-ET01QueryRequest|DS002DNS-ET01Query|VendorSpecific-winsec-sysmon",,,
"Microsoft__Update_Log",Microsoft,"Update Log",,sourcetype,"^WindowsUpdateLog$","sourcetype=WindowsUpdateLog",,,"DS019PatchManagement-Eligible|DS019PatchManagement-Applied|DS019PatchManagement-Failed","Splunk Add-on for Microsoft Windows","Splunk_TA_windows","https://splunkbase.splunk.com/app/742/"
"Microsoft__WMI",Microsoft,WMI,,sourcetype,"^wineventlog:microsoft-windows-wmi-activity/operational$","sourcetype=wineventlog:microsoft-windows-wmi-activity/operational",,,"VendorSpecific-winsec",,,
"Microsoft__Windows_Application_Log",Microsoft,"Windows Application Log",,source,"^.*WinEventLog:Application$","source=*WinEventLog*Application",,,"DS034ApplicationLogs-ET01General",,,
"Microsoft__Windows_Application_Log",Microsoft,"Windows Application Log",,source,"^(Xml|)WinEventLog$","source=WinEventLog:Application*",,,"DS034ApplicationLogs-ET01General",,,
"Microsoft__Windows_Domain_Controller",Microsoft,"Windows Domain Controller",,source,"^(Xml|WMI|)(|:)?WinEventLog(:Security|)$","source=*WinEventLog*Security",,,"VendorSpecific-winsec-domaincontroller","IronDefense Add-on for Splunk","TA-ironnet_splunk","https://splunkbase.splunk.com/app/6267/"
"Microsoft__Windows_Host_and_Server",Microsoft,"Windows Host and Server",,source,"^(Xml|WMI|\*|)(|:)?WinEventLog(:Security|)$","source=*WinEventLog*Security",,,"VendorSpecific-winsec","IronDefense Add-on for Splunk","TA-ironnet_splunk","https://splunkbase.splunk.com/app/6267/"
"Microsoft__Windows_Performance",Windows,"Performance (PerfMon)",,sourcetype,"^(Perfmon:CPU|Perfmon:LogicalDisk|Perfmon:Memory|Perfmon:Network|Perfmon:Process|Perfmon:ProcessorInformation|Perfmon:System|Script:TimesyncStatus|WMI:ComputerSystem|WMI:CPUTime|WMI:FreeDiskSpace|WMI:LocalNetwork|WMI:LogicalDisk|WMI:Memory|WMI:Uptime)$","sourcetype=""Perfmon:CPU"" OR sourcetype=""Perfmon:LogicalDisk"" OR sourcetype=""Perfmon:Memory"" OR sourcetype=""Perfmon:Network"" OR sourcetype=""Perfmon:Process"" OR sourcetype=""Perfmon:ProcessorInformation"" OR sourcetype=""Perfmon:System"" OR sourcetype=""Script:TimesyncStatus"" OR sourcetype=""WMI:ComputerSystem"" OR sourcetype=""WMI:CPUTime"" OR sourcetype=""WMI:FreeDiskSpace"" OR sourcetype=""WMI:LocalNetwork""OR sourcetype=""WMI:LogicalDisk"" OR sourcetype=""WMI:Memory"" OR sourcetype=""WMI:Uptime"" ",,,"DS022HostPerformance-ET01General",,,
"Microsoft__Windows_Powershell",Microsoft,"Windows Powershell",,source,"^(Xml|WMI|)(|:)WinEventLog(:|).*PowerShell.*$","source=*WinEventLog*Security",,,"VendorSpecific-winsec-powershell","IronDefense Add-on for Splunk","TA-ironnet_splunk","https://splunkbase.splunk.com/app/6267/"
"Microsoft__Windows_Powershell",Microsoft,"Windows Powershell",,sourcetype,"^XmlWinEventLog:Microsoft-Windows-Powershell/Operational$","sourcetype=XmlWinEventLog:Microsoft-Windows-Powershell/Operational",,,"VendorSpecific-winsec-powershell",,,
"Microsoft__Windows_Process_Launch",Microsoft,"Windows Process Launch",,source,"^(Xml|WMI|)(|:)?WinEventLog(:Security|)$","source=*WinEventLog*Security","EventCode=4688",4688,"DS009EndPointIntel-ET01ProcessLaunch|VendorSpecific-winsec","IronDefense Add-on for Splunk","TA-ironnet_splunk","https://splunkbase.splunk.com/app/6267/"
"Microsoft__Windows_System_Log",Microsoft,"Windows System Log",,source,"^.*WinEventLog:System$","source=*WinEventLog*System",,,"DS033SystemLogs-ET01General|VendorSpecific-win-system",,,
"Microsoft__Windows_System_Log",Microsoft,"Windows System Log",,source,"^(Xml|)WinEventLog$","source=WinEventLog:System*",,,"DS033SystemLogs-ET01General|VendorSpecific-win-system",,,
"Microsoft__Windows_Task_Scheduler",Microsoft,"Windows Task Scheduler",,source,"^(Xml|)WinEventLog:Microsoft-Windows-TaskScheduler/Operational$","source=*WinEventLog:Microsoft-Windows-TaskScheduler/Operational",,,"VendorSpecific-win-taskscheduler","IronDefense Add-on for Splunk","TA-ironnet_splunk","https://splunkbase.splunk.com/app/6267/"
"Microsoft__Windows_Print_Service",Microsoft,"Windows Print Service",,source,"^(Xml|)wineventlog:microsoft-windows-printservice/operational$","source=*wineventlog:microsoft-windows-printservice/operational",,,"VendorSpecific-win-printservice","IronDefense Add-on for Splunk","TA-ironnet_splunk","https://splunkbase.splunk.com/app/6267/"
"MySQL__Error_log",MySQL,"MySQL Database",,sourcetype,"^mysql:errorLog$","sourcetype=""mysql:errorLog""",,,"DS029DatabaseServer-ET01General",,,
"MySQL__InnoDB_locks_transactions",MySQL,"MySQL Database",,sourcetype,"^mysql:innodbLockWaits$","sourcetype=""mysql:innodbLockWaits""",,,"DS029DatabaseServer-ET01General",,,
"MySQL__Innodb_status",MySQL,"MySQL Database",,sourcetype,"^mysql:innodbStatus$","sourcetype=""mysql:innodbStatus""",,,"DS029DatabaseServer-ET01General",,,
"MySQL__Logs_database_table",MySQL,"MySQL Database",,sourcetype,"^mysql:database$","sourcetype=""mysql:database""",,,"DS029DatabaseServer-ET01General",,,
"MySQL__Logs_innodb_buffer_page_database_table",MySQL,"MySQL Database",,sourcetype,"^mysql:innodb_buffer_page$","sourcetype=""mysql:innodb_buffer_page""",,,"DS029DatabaseServer-ET01General",,,
"MySQL__Overall_status",MySQL,"MySQL Database",,sourcetype,"^mysql:status$","sourcetype=""mysql:status""",,,"DS029DatabaseServer-ET01General",,,
"MySQL__Query_Log",MySQL,"MySQL Database",,sourcetype,"^mysql:generalQueryLog$","sourcetype=""mysql:generalQueryLog""",,,"DS029DatabaseServer-ET01General",,,
"MySQL__connections",MySQL,"MySQL Database",,sourcetype,"^mysql:connection:stats$","sourcetype=""mysql:connection:stats""",,,"DS029DatabaseServer-ET01General",,,
"MySQL__database_threads_processes_information",MySQL,"MySQL Database",,sourcetype,"^mysql:databaseProcess$","sourcetype=""mysql:databaseProcess""",,,"DS029DatabaseServer-ET01General",,,
"MySQL__disk_usage_for_all_kinds_of_logs",MySQL,"MySQL Database",,sourcetype,"^mysql:diskUsageDb$","sourcetype=""mysql:diskUsageDb""",,,"DS029DatabaseServer-ET01General",,,
"MySQL__error_log_db",MySQL,"MySQL Database",,sourcetype,"^mysql:errorLogDb$","sourcetype=""mysql:errorLogDb""",,,"DS029DatabaseServer-ET01General",,,
"MySQL__events",MySQL,"MySQL Database",,sourcetype,"^mysql:events$","sourcetype=""mysql:events""",,,"DS029DatabaseServer-ET01General",,,
"MySQL__global_grants",MySQL,"MySQL Database",,sourcetype,"^mysql:globalGrants$","sourcetype=""mysql:globalGrants""",,,"DS029DatabaseServer-ET01General",,,
"MySQL__loaded_components",MySQL,"MySQL Database",,sourcetype,"^mysql:components$","sourcetype=""mysql:components""",,,"DS029DatabaseServer-ET01General",,,
"MySQL__logs_general_log_database_table",MySQL,"MySQL Database",,sourcetype,"^mysql:generalQueryLogDb$","sourcetype=""mysql:generalQueryLogDb""",,,"DS029DatabaseServer-ET01General",,,
"MySQL__logs_slow_query",MySQL,"MySQL Database",,sourcetype,"^mysql:slowQueryLog$","sourcetype=""mysql:slowQueryLog""",,,"DS029DatabaseServer-ET01General",,,
"MySQL__logs_slow_query_database_table",MySQL,"MySQL Database",,sourcetype,"^mysql:slowQueryLogDb$","sourcetype=""mysql:slowQueryLogDb""",,,"DS029DatabaseServer-ET01General",,,
"MySQL__process_information",MySQL,"MySQL Database",,sourcetype,"^mysql:processInfo$","sourcetype=""mysql:processInfo""",,,"DS029DatabaseServer-ET01General",,,
"MySQL__role/account_permission_grant",MySQL,"MySQL Database",,sourcetype,"^mysql:grants$","sourcetype=""mysql:grants""",,,"DS029DatabaseServer-ET01General",,,
"MySQL__schema_objects",MySQL,"MySQL Database",,sourcetype,"^mysql:schemaObjectOverview$","sourcetype=""mysql:schemaObjectOverview""",,,"DS029DatabaseServer-ET01General",,,
"MySQL__schema_objects",MySQL,"MySQL Database",,sourcetype,"^mysql:instance:stats$","sourcetype=""mysql:instance:stats""",,,"DS029DatabaseServer-ET01General",,,
"MySQL__storage_engines",MySQL,"MySQL Database",,sourcetype,"^mysql:engines$","sourcetype=""mysql:engines""",,,"DS029DatabaseServer-ET01General",,,
"MySQL__summaries_by_stages",MySQL,"MySQL Database",,sourcetype,"^mysql:userSummaryByStages$","sourcetype=""mysql:userSummaryByStages""",,,"DS029DatabaseServer-ET01General",,,
"MySQL__system_variables_global_settings",MySQL,"MySQL Database",,sourcetype,"^mysql:variables$","sourcetype=""mysql:variables""",,,"DS029DatabaseServer-ET01General",,,
"MySQL__table_status",MySQL,"MySQL Database",,sourcetype,"^mysql:tableStatus$","sourcetype=""mysql:tableStatus""",,,"DS029DatabaseServer-ET01General",,,
"MySQL__transactions",MySQL,"MySQL Database",,sourcetype,"^mysql:transaction:stats$","sourcetype=""mysql:transaction:stats""",,,"DS029DatabaseServer-ET01General",,,
"MySQL__users",MySQL,"MySQL Database",,sourcetype,"^mysql:user$","sourcetype=""mysql:user""",,,"DS029DatabaseServer-ET01General",,,
"Nessus__Vulnerability_Scanner",Nessus,"Vulnerability Scanner",,sourcetype,"^(nessus|nessus_xml|nessus:scan)$","sourcetype=nessus OR sourcetype=nessus_xml OR sourcetype=nessus:scan",,,"DS018VulnerabilityDetection-ET01SigDetected","Security Monitoring for Splunk","security_monitoring_for_splunk","https://splunkbase.splunk.com/app/4131/"
"Netflow___",Netflow,,,sourcetype,"^netflow$","sourcetype=netflow",,,"DS010NetworkCommunication-ET01Traffic|DS035NetworkFlow-ET01General",,,
"OSQuery___",OSQuery,"",,sourcetype,"^osquery:results","sourcetype=osquery:results",,,"DS009EndPointIntel-ET01ProcessLaunch|DS009EndPointIntel-ET03ProcessLaunchwithCLI|DS009EndPointIntel-ET04ProcessLaunchWithHash|VendorSpecific-osquery","add-on for osquery","TA-osquery","https://splunkbase.splunk.com/app/4402/"
"Okta__Identity_Cloud",Okta,"Identity Cloud",,sourcetype,"^Okta.*$","sourceype=Okta*",,,"DS003Authentication-ET01Success|DS003Authentication-ET02Failure|VendorSpecific-Okta","IronDefense Add-on for Splunk","TA-ironnet_splunk","https://splunkbase.splunk.com/app/6267/"
"OracleDB__Alert_Log",Oracle,"Oracle Database",,sourcetype,"^oracle:alert:(text|xml)$","sourcetype=""oracle:alert:text"" OR sourcetype=""oracle:alert:xml""",,,"DS029DatabaseServer-ET01General",,,
"OracleDB__Audit_Log",Oracle,"Oracle Database",,sourcetype,"^oracle:audit:(text|xml)$","sourcetype=""oracle:audit:text"" OR sourcetype=""oracle:audit:xml""",,,"DS029DatabaseServer-ET01General",,,
"OracleDB__Incident_Log",Oracle,"Oracle Database",,sourcetype,"^oracle:incident$","sourcetype=""oracle:incident""",,,"DS029DatabaseServer-ET01General",,,
"OracleDB__Listener_Log",Oracle,"Oracle Database",,sourcetype,"^oracle:listener:(text|xml)$","sourcetype=""oracle:listener:text"" OR sourcetype=""oracle:listener:xml""",,,"DS029DatabaseServer-ET01General",,,
"OracleDB__Trace_Log",Oracle,"Oracle Database",,sourcetype,"^oracle:trace$","sourcetype=""oracle:trace""",,,"DS029DatabaseServer-ET01General",,,
"Orca__Security_alert",Orca,"Security (Alerts)",,sourcetype,"^orca:alerts$","sourcetype=orca:alerts",,,"DS018VulnerabilityDetection-ET01SigDetected|DS012NetworkIntrusionDetection-ET01SigDetection","Orca Security Add-On for Splunk","TA-orca-security-add-on-for-splunk","https://splunkbase.splunk.com/app/5148/"
"Orca__Security_cve",Orca,"Security (CVEs)",,sourcetype,"^orca:cves$","sourcetype=orca:cves",,,"DS018VulnerabilityDetection-ET01SigDetected","Orca Security Add-On for Splunk","TA-orca-security-add-on-for-splunk","https://splunkbase.splunk.com/app/5148/"
"Palo_Alto_Networks__Firewall","Palo Alto Networks","Firewall (Alone)",,sourcetype,"^pan.*traffic$","sourcetype=pan*traffic",,,"DS010NetworkCommunication-ET01Traffic",,,
"Palo_Alto_Networks__Firewall_w_AppId","Palo Alto Networks","Firewall w/ AppId",,sourcetype,"^pan.*traffic$","sourcetype=pan*traffic","app=*",,"DS010NetworkCommunication-ET01Traffic|DS010NetworkCommunication-ET01TrafficAppAware",,,
"Palo_Alto_Networks__IPS","Palo Alto Networks",IPS,,sourcetype,"^pan.*threat$","sourcetype=pan*threat",,"TERM(IPS)","DS012NetworkIntrusionDetection-ET01SigDetection",,,
"Palo_Alto_Networks__Network_Anti-Virus","Palo Alto Networks","Network Anti-Virus",,sourcetype,"^pan.*threat$","sourcetype=pan*threat","log_subtype=virus OR log_subtype=wildfire-virus","TERM(virus) OR TERM(wildfire-virus)","DS004EndPointAntiMalware-ET01SigDetected",,,
"Palo_Alto_Networks__URL_Filtering_for_Web_Security","Palo Alto Networks","URL Filtering for Web Security",,sourcetype,"^pan.*threat$","sourcetype=pan*threat","log_subtype=url","TERM(url)","DS005WebProxyRequest-ET01Requested|DS005WebProxyRequest-ET01RequestedWebAppAware",,,
"Proofpoint__Enterprise_Protection",Proofpoint,"Enterprise Protection",,sourcetype,"^proofpoint|pps_.*$","sourcetype=proofpoint OR sourcetype=pps_*",,,"DS001MAIL-ET02Receive|DS001MAIL-ET03Send|DS004EndPointAntiMalware-ET01SigDetected",,,
"Qualys__Vulnerability_Scanner",Qualys,"Vulnerability Scanner",,sourcetype,"^qualys:.*$","sourcetype=qualys:*",,,"DS018VulnerabilityDetection-ET01SigDetected",,,
"RSA__DLP",RSA,DLP,,sourcetype,"^rsa:dlp$","sourcetype=""rsa:dlp""",,,"DS016DataLossPrevention-ET01Violation",,,
"Salesforce__Event_Log_File",Salesforce,"Event Log File",,sourcetype,"^sfdc:eventlog|sfdc:logfile$","sourcetype=sfdc:eventlog OR sourcetype=sfdc:logfile",,,"VendorSpecific-sfdc-elf","Splunk Add-on for Salesforce","Splunk_TA_salesforce","https://splunkbase.splunk.com/app/3549/"
"Salesforce__Logins",Salesforce,Logins,,sourcetype,"^sfdc:loginhistory$","sourcetype=sfdc:loginhistory",,,"VendorSpecific-sfdc-elf|DS003Authentication-ET01Success|DS003Authentication-ET02Failure","Splunk Add-on for Salesforce","Splunk_TA_salesforce","https://splunkbase.splunk.com/app/3549/"
"Salesforce__Logins_streaming",Salesforce,"Logins (Streaming)",,sourcetype,"^sfdc-streaming-api-events:login$","sourcetype=sfdc-streaming-api-events:login",,,"VendorSpecific-sfdc-elf|DS003Authentication-ET01Success|DS003Authentication-ET02Failure","Splunk Add-on for Salesforce Streaming API","TA-sfdc-streaming-api","https://splunkbase.splunk.com/app/5689/"
"Salesforce__Reports_streaming",Salesforce,"Report Events (Streaming)",,sourcetype,"^sfdc-streaming-api-events:report$","sourcetype=sfdc-streaming-api-events:report",,,"VendorSpecific-sfdc-elf","Splunk Add-on for Salesforce Streaming API","TA-sfdc-streaming-api","https://splunkbase.splunk.com/app/5689/"
"Salesforce__Security_streaming",Salesforce,"Security Events (Streaming)",,sourcetype,"^sfdc-streaming-api-events:security$","sourcetype=sfdc-streaming-api-events:security",,,"VendorSpecific-sfdc-elf|DS012NetworkIntrusionDetection-ET01SigDetection","Splunk Add-on for Salesforce Streaming API","TA-sfdc-streaming-api","https://splunkbase.splunk.com/app/5689/"
"Salesforce__Streaming",Salesforce,"Streaming Events",,sourcetype,"^sfdc-streaming-api-events$","sourcetype=sfdc-streaming-api-events",,,"VendorSpecific-sfdc-elf","Splunk Add-on for Salesforce Streaming API","TA-sfdc-streaming-api","https://splunkbase.splunk.com/app/5689/"
"Snort__IDS",Snort,IDS,,sourcetype,"^snort$","sourcetype=snort",,,"DS001MAIL-ET02Receive|DS001MAIL-ET03Send","Splunk Add-on for Cisco FireSIGHT","Splunk_TA_sourcefire","https://splunkbase.splunk.com/app/1808/"
"Sophos__Anti-Virus",Sophos,"Anti-Virus",,sourcetype,"^sophos:.*$","sourcetype=sophos:*",,,"DS004EndPointAntiMalware-ET01SigDetected|DS004EndPointAntiMalware-ET02UpdatedSig|DS004EndPointAntiMalware-ET03UpdatedEng|S020HostIntrustionDetection-ET01SigDetected",,,
"Splunk__Connect_for_Kubernetes",Splunk,"Connect for Kubernetes",,sourcetype,"^kube:.*$","sourcetype=kube:*",,,"VendorSpecific-kubernetes",,,
"Splunk__ES_Notable_Event_Framework",Splunk,"ES Notable Event Framework",,index,"^notable$","index=notable",,,"DS013TicketManagement-ET01","IronDefense Add-on for Splunk","TA-ironnet_splunk","https://splunkbase.splunk.com/app/6267/"
"Splunk__ES_Risk_Framework",Splunk,"ES Risk Framework",,index,"^risk$","index=risk",,,"DS013TicketManagement-ET02LowLevelEvents","IronDefense Add-on for Splunk","TA-ironnet_splunk","https://splunkbase.splunk.com/app/6267/"
"Splunk_Internal",Splunk,Internal,,sourcetype,"^splunk","sourcetype=splunk*",,,"VendorSpecific-SplunkInternal",,,
"Stream__ARP",Stream,ARP,,sourcetype,"^stream:arp$","sourcetype=stream:arp",,,"DS010NetworkCommunication-ET01Traffic",,,
"Stream__DHCP",Stream,DHCP,,sourcetype,"^stream:dhcp$","sourcetype=stream:dhcp",,,"DS025IPAddressAssignment-ET01General","Splunk Add-on for Stream Wire Data","Splunk_TA_stream_wire_data","https://splunkbase.splunk.com/app/5234/"
"Stream__DNS",Stream,DNS,,sourcetype,"^stream:dns$","sourcetype=stream:dns",,,"DS002DNS-ET01QueryResponse|DS002DNS-ET01QueryRequest|DS002DNS-ET01Query","Splunk Add-on for Stream Wire Data","Splunk_TA_stream_wire_data","https://splunkbase.splunk.com/app/5234/"
"Stream__HTTP",Stream,HTTP,,sourcetype,"^stream:http$","sourcetype=stream:http",,,"DS014WebServer-ET01Access","Splunk Add-on for Stream Wire Data","Splunk_TA_stream_wire_data","https://splunkbase.splunk.com/app/5234/"
"Stream__ICMP",Stream,ICMP,,sourcetype,"^stream:icmp$","sourcetype=stream:icmp",,,"DS010NetworkCommunication-ET01Traffic",,,
"Stream__LDAP",Stream,LDAP,,sourcetype,"^stream:ldap$","sourcetype=stream:ldap",,,"DS010NetworkCommunication-ET01TrafficAppAware|DS003Authentication-ET01Success|DS003Authentication-ET02Failure",,,
"Stream__MySQL",Stream,MySQL,,sourcetype,"^stream:mysql$","sourcetype=stream:mysql",,,"DS029DatabaseServer-ET01General","Splunk Add-on for Stream Wire Data","Splunk_TA_stream_wire_data","https://splunkbase.splunk.com/app/5234/"
"Stream__SMB",Stream,SMB,,sourcetype,"^stream:smb$","sourcetype=stream:smb",,,"DS010NetworkCommunication-ET01TrafficAppAware",,,
"Stream__SMTP",Stream,SMTP,,sourcetype,"^stream:smtp$","sourcetype=stream:smtp",,,"DS001MAIL-ET02Receive|DS001MAIL-ET03Send","Splunk Add-on for Stream Wire Data","Splunk_TA_stream_wire_data","https://splunkbase.splunk.com/app/5234/"
"Stream__TCP",Stream,TCP,,sourcetype,"^stream:tcp$","sourcetype=stream:tcp",,,"DS010NetworkCommunication-ET01Traffic","Splunk Add-on for Stream Wire Data","Splunk_TA_stream_wire_data","https://splunkbase.splunk.com/app/5234/"
"Stream__UDP",Stream,UDP,,sourcetype,"^stream:udp$","sourcetype=stream:udp",,,"DS010NetworkCommunication-ET01Traffic","Splunk Add-on for Stream Wire Data","Splunk_TA_stream_wire_data","https://splunkbase.splunk.com/app/5234/"
"Suricata___",Suricata,,,sourcetype,"^suricata$","sourcetype=suricata",,,"DS010NetworkCommunication-ET01Traffic|DS012NetworkIntrusionDetection-ET01SigDetection|DS001MAIL-ET02Receive|DS001MAIL-ET03Send",,,
"Symantec__ATP",Symantec,ATP,,sourcetype,"^symantec:atp:.*$","sourcetype=symantec:atp:*",,,"DS004EndPointAntiMalware-ET01SigDetected|DS004EndPointAntiMalware-ET02UpdatedSig|DS004EndPointAntiMalware-ET03UpdatedEng",,,
"Symantec__Cloud_Email",Symantec,"Email Security Cloud",,sourcetype,"^symantec:cloud:email$","sourcetype=symantec:cloud:email",,,"DS004EndPointAntiMalware-ET01SigDetected",,,
"Symantec__Endpoint_Protection",Symantec,"Endpoint Protection",,sourcetype,"^symantec:ep.*$","sourcetype=symantec:ep*",,,"DS004EndPointAntiMalware-ET01SigDetected|DS004EndPointAntiMalware-ET02UpdatedSig|DS004EndPointAntiMalware-ET03UpdatedEng|S020HostIntrustionDetection-ET01SigDetected",,,
"Tenable__Vulnerability_Scanner",Tenable,"Vulnerability Scanner",,sourcetype,"^tenable.*vuln$","sourcetype=tenable*vuln",,,"DS018VulnerabilityDetection-ET01SigDetected",,,
"Tipping_Point__IPS","Tipping Point",IPS,,sourcetype,"^tippingpoint$","sourcetype=tippingpoint",,,"DS012NetworkIntrusionDetection-ET01SigDetection",,,
"uberAgent__ESA_patch",uberAgent,"ESA (Patching)",,sourcetype,"^uberAgent:Application:SoftwareUpdateInventory$","sourcetype=uberAgent:Application:SoftwareUpdateInventory",,,"DS019PatchManagement-Applied",,,
"uberAgent__ESA_process",uberAgent,"ESA (Process Launch)",,sourcetype,"^uberAgent:Process:ProcessStartup$","sourcetype=uberAgent:Process:ProcessStartup",,,"DS009EndPointIntel-ET01ProcessLaunch|DS009EndPointIntel-ET03ProcessLaunchwithCLI|DS009EndPointIntel-ET04ProcessLaunchWithHash",,,
"uberAgent__ESA_object",uberAgent,"ESA (Object Change)",,sourcetype,"^uberAgentESA:ActivityMonitoring:ProcessTagging$","sourcetype=uberAgentESA:ActivityMonitoring:ProcessTagging",,,"DS009EndPointIntel-ET01ObjectChange","uberAgent ESA - Endpoint Security Analytics","uberAgent_ESA","https://splunkbase.splunk.com/app/5357/"
"uberAgent__ESA_network",uberAgent,"ESA (Network)",,sourcetype,"^uberAgent:Process:NetworkTargetPerformance$","sourcetype=uberAgent:Process:NetworkTargetPerformance",,,"DS010NetworkCommunication-ET01Traffic",,,
"uberAgent__ESA_network_w_app",uberAgent,"ESA (Network w/App)",,sourcetype,"^uberAgentESA:ActivityMonitoring:ProcessTagging$","sourcetype=uberAgentESA:ActivityMonitoring:ProcessTagging","EventType=4 OR EventType=5 OR EventType=6 OR EventType=7 OR EventType=8",,"DS010NetworkCommunication-ET01Traffic|DS010NetworkCommunication-ET01TrafficAppAware","uberAgent ESA - Endpoint Security Analytics","uberAgent_ESA","https://splunkbase.splunk.com/app/5357/"
"uberAgent__ESA_av",uberAgent,"ESA (AV)",,sourcetype,"^uberAgentESA:ActivityMonitoring:ProcessTagging$","sourcetype=uberAgentESA:ActivityMonitoring:ProcessTagging","EventType=1 OR EventType=3 OR EventType=24 OR EventType=25",,"DS004EndPointAntiMalware-ET01SigDetected","uberAgent ESA - Endpoint Security Analytics","uberAgent_ESA","https://splunkbase.splunk.com/app/5357/"
"uberAgent__ESA_dns",uberAgent,"ESA (DNS)",,sourcetype,"^uberAgentESA:Process:DnsQuery$","sourcetype=uberAgentESA:Process:DnsQuery","DnsResponse=*",,"DS002DNS-ET01Query|DS002DNS-ET01QueryRequest|DS002DNS-ET01QueryResponse","uberAgent ESA - Endpoint Security Analytics","uberAgent_ESA","https://splunkbase.splunk.com/app/5357/"
"VMWare__Carbon_Black",VMWare,"Carbon Black",,sourcetype,"^bit9:carbonblack:json$","sourcetype=bit9:carbonblack:json",,,"DS009EndPointIntel-ET01ProcessLaunch|DS009EndPointIntel-ET03ProcessLaunchwithCLI|DS009EndPointIntel-ET04ProcessLaunchWithHash","Splunk Add-on for Carbon Black","Splunk_TA_bit9-carbonblack","https://splunkbase.splunk.com/app/2790/"
"VMWare__Performance",VMware,"ESXi (Performance)",,sourrcetype,"^vmware:perf:.*$","sourcetype=vmware:perf*",,,"DS022HostPerformance-ET01General",,,
"VMware__Events",VMware,"ESXi (Events)",,sourrcetype,"^vmware:events$","sourcetype=vmware:events",,,"DS033SystemLogs-ET01General",,,
"VMware__Inventory",VMware,"ESXi (Inventory)",,sourrcetype,"^vmware:inv:.*$","sourcetype=vmware:inv*",,,"DS033SystemLogs-ET01General",,,
"VMware__host_logs",VMware,"ESXi (Host Logs)",,sourrcetype,"^vmware:esxlog:.*$","sourcetype=vmware:esxlog:*",,,"DS033SystemLogs-ET01General",,,
"VMware__tasks",VMware,"ESXi (Tasks)",,sourrcetype,"^vmware:tasks$","sourcetype=vmware:tasks",,,"DS033SystemLogs-ET01General",,,
"Varonis__IDS",Varonis,DatAlert,,sourcetype,"^varonis.*$","sourcetype=varonis*",,,"DS012NetworkIntrusionDetection-ET01SigDetection|DS016DataLossPrevention-ET01Violation",,,
"Veritas_Netbackup",Veritas,Netbackup,,sourcetype,"^netbackup_logs$","sourcetype=netbackup_logs",,,"DS027EndpointBackup-ET01General",,,
"Websense__Proxy",Websense,Proxy,,sourcetype,"^websense:cg:kv$","sourcetype=websense:cg:kv",,,"DS014WebServer-ET01Access","CCX Unified Add-On for Forcepoint|Splunk Add-on for Forcepoint Web Security","Splunk_TA_CCX_Unified_Forcepoint|Splunk_TA_websense-cg","https://splunkbase.splunk.com/app/5417/|https://splunkbase.splunk.com/app/2966/"
"Zeek__RPC",Zeek,RPC,,sourcetype,"^zeek:rpc:json$","sourcetype=zeek:rpc:json",,,"DS010NetworkCommunication-ET01TrafficAppAware|VendorSpecific-zeek",,,
"Zeek__SSL",Zeek,SSL,,sourcetype,"^zeek:ssl:json$","sourcetype=zeek:ssl:json",,,"DS010NetworkCommunication-ET01TrafficAppAware|VendorSpecific-zeek",,,
"Zoom__Web_Conferencing",Zoom,Zoom,,sourcetype,"^zoom:.*$","sourcetype=zoom:*",,,"VendorSpecific-zoom",,,
"Zscaler__Web_Proxy",Zscaler,"Web Proxy",,sourcetype,"^zscalernss-web$","sourcetype=zscalernss-web",,,"DS005WebProxyRequest-ET01RequestedWebAppAware|VendorSpecific-zscaler","Zscaler Technical Add-On for Splunk","TA-Zscaler_CIM","https://splunkbase.splunk.com/app/3865/"
"Zscaler__Tunnel",Zscaler,Tunnel,,sourcetype,"^zscalernss-tunnel$","sourcetype=zscalernss-tunnel",,,"DS025IPAddressAssignment-ET01General|DS010NetworkCommunication-ET01Traffic|DS003Authentication-ET01Success|DS003Authentication-ET02Failure|VendorSpecific-zscaler","Zscaler Technical Add-On for Splunk","TA-Zscaler_CIM","https://splunkbase.splunk.com/app/3865/"
"Zscaler__Firewall",Zscaler,Firewall,,sourcetype,"^zscalernss-fw$","sourcetype=zscalernss-fw",,,"DS010NetworkCommunication-ET01Traffic|DS010NetworkCommunication-ET01TrafficAppAware|DS010NetworkCommunication-ET03UserAware|VendorSpecific-zscaler","Zscaler Technical Add-On for Splunk","TA-Zscaler_CIM","https://splunkbase.splunk.com/app/3865/"
"Zscaler__DNS",Zscaler,DNS,,sourcetype,"^zscalernss-dns$","sourcetype=zscalernss-dns",,,"DS002DNS-ET01QueryResponse|DS002DNS-ET01QueryRequest|DS002DNS-ET01Query|VendorSpecific-zscaler","Zscaler Technical Add-On for Splunk","TA-Zscaler_CIM","https://splunkbase.splunk.com/app/3865/"
"Zscaler__Alerts",Zscaler,Alerts,,sourcetype,"^zscalernss-alerts$","sourcetype=zscalernss-alerts",,,"VendorSpecific-zscaler","Zscaler Technical Add-On for Splunk","TA-Zscaler_CIM","https://splunkbase.splunk.com/app/3865/"
"Zscaler__ZPA_Connector",Zscaler,"ZPA Connector",,sourcetype,"^zscalernss-zpa-connector$","sourcetype=zscalernss-zpa-connector",,,"VendorSpecific-zscaler",,,
"Zscaler__ZPA_App",Zscaler,"ZPA App",,sourcetype,"^zscalernss-zpa-app$","sourcetype=zscalernss-zpa-app",,,"VendorSpecific-zscaler",,,
"Zscaler__ZPA_Auth",Zscaler,"ZPA Auth",,sourcetype,"^zscalernss-zpa-auth$","sourcetype=zscalernss-zpa-auth",,,"DS003Authentication-ET01Success|DS003Authentication-ET02Failure|VendorSpecific-zscaler",,,
"Zscaler__ZPA_BBA",Zscaler,"ZPA BBA",,sourcetype,"^zscalernss-zpa-bba$","sourcetype=zscalernss-zpa-bba",,,"VendorSpecific-zscaler",,,
"Zscaler__ZPA_Connector",Zscaler,"ZPA Connector",,sourcetype,"^zscalerlss-zpa-connector$","sourcetype=zscalernss-zpa-connector",,,"VendorSpecific-zscaler",,,
"Zscaler__ZPA_App",Zscaler,"ZPA App",,sourcetype,"^zscalerlss-zpa-app$","sourcetype=zscalernss-zpa-app",,,"VendorSpecific-zscaler",,,
"Zscaler__ZPA_Auth",Zscaler,"ZPA Auth",,sourcetype,"^zscalerlss-zpa-auth$","sourcetype=zscalernss-zpa-auth",,,"DS003Authentication-ET01Success|DS003Authentication-ET02Failure|VendorSpecific-zscaler",,,
"Zscaler__ZPA_BBA",Zscaler,"ZPA BBA",,sourcetype,"^zscalerlss-zpa-bba$","sourcetype=zscalernss-zpa-bba",,,"VendorSpecific-zscaler",,,
"Zscaler__Audit",Zscaler,Audit,,sourcetype,"^zscalernss-zia-audit$","sourcetype=zscalernss-zia-audit",,,"VendorSpecific-zscaler",,,
"Zscaler__Sandbox",Zscaler,Sandbox,,sourcetype,"^zscalernss-zia-sandbox$","sourcetype=zscalernss-zia-sandbox",,,"DS011MalwareDetonation-ET01Detection|VendorSpecific-zscaler",,,
"Zscaler__CASB",Zscaler,CASB,,sourcetype,"^zscalernss-casb$","sourcetype=zzscalernss-casb",,,"VendorSpecific-zscaler",,,
"Zscaler__CASB_Activity",Zscaler,"CASB Activity",,sourcetype,"^zscalernss-casb-activity$","sourcetype=zzscalernss-casb-activity",,,"VendorSpecific-zscaler",,,
"Zscaler__CASB_Email",Zscaler,"CASB Email",,sourcetype,"^zscalernss-casb-email$","sourcetype=zzscalernss-casb-email",,,"VendorSpecific-zscaler",,,
"Zscaler__CASB_File",Zscaler,"CASB File",,sourcetype,"^zscalernss-casb-file$","sourcetype=zzscalernss-casb-file",,,"VendorSpecific-zscaler",,,
