dest,country
JumpHost_GB_003,United Kingdom
JumpHost_US_001,United States
anon_ComputerName_1,United States
anon_ComputerName_10,United States
anon_ComputerName_11,United States
anon_ComputerName_12,United States
anon_ComputerName_13,United States
anon_ComputerName_14,United States
anon_ComputerName_15,United States
anon_ComputerName_16,United States
anon_ComputerName_17,United States
anon_ComputerName_18,United States
anon_ComputerName_19,United States
anon_ComputerName_2,United Kingdom
anon_ComputerName_20,United Kingdom
anon_ComputerName_21,United Kingdom
anon_ComputerName_22,United Kingdom
anon_ComputerName_23,United Kingdom
anon_ComputerName_25,Germany
anon_ComputerName_3,Germany