"_time",host,"process_image","key_path"
"2016-08-24T16:48:41.000+0000",we8105desk,"c:\Users\bob.smith.WAYNECORPINC\AppData\Roaming\121214.tmp","HKU\s-1-5-21-67332772-3493699611-3403467266-1109\software\microsoft\windows\currentversion\runonce\osk"
"2016-08-24T16:48:41.000+0000",we8105desk,"c:\Users\bob.smith.WAYNECORPINC\AppData\Roaming\121214.tmp","HKU\s-1-5-21-67332772-3493699611-3403467266-1109\software\microsoft\windows\currentversion\runonce"
"2016-08-24T16:48:41.000+0000",we8105desk,"c:\Users\bob.smith.WAYNECORPINC\AppData\Roaming\121214.tmp","HKU\s-1-5-21-67332772-3493699611-3403467266-1109\software\microsoft\windows\currentversion\run\osk"
"2016-08-24T16:48:41.000+0000",we8105desk,"c:\Users\bob.smith.WAYNECORPINC\AppData\Roaming\121214.tmp","HKU\s-1-5-21-67332772-3493699611-3403467266-1109\software\microsoft\windows\currentversion\run"
"2016-08-24T16:49:24.000+0000",we8105desk,"c:\Users\bob.smith.WAYNECORPINC\AppData\Roaming\{35ACA89F-933F-6A5D-2776-A3589FB99832}\osk.exe","HKU\s-1-5-21-67332772-3493699611-3403467266-1109\software\microsoft\windows\currentversion\runonce\osk"
"2016-08-24T16:49:24.000+0000",we8105desk,"c:\Users\bob.smith.WAYNECORPINC\AppData\Roaming\{35ACA89F-933F-6A5D-2776-A3589FB99832}\osk.exe","HKU\s-1-5-21-67332772-3493699611-3403467266-1109\software\microsoft\windows\currentversion\runonce"
"2016-08-24T16:49:24.000+0000",we8105desk,"c:\Users\bob.smith.WAYNECORPINC\AppData\Roaming\{35ACA89F-933F-6A5D-2776-A3589FB99832}\osk.exe","HKU\s-1-5-21-67332772-3493699611-3403467266-1109\software\microsoft\windows\currentversion\run\osk"
"2016-08-24T16:49:24.000+0000",we8105desk,"c:\Users\bob.smith.WAYNECORPINC\AppData\Roaming\{35ACA89F-933F-6A5D-2776-A3589FB99832}\osk.exe","HKU\s-1-5-21-67332772-3493699611-3403467266-1109\software\microsoft\windows\currentversion\run"
