employeeid,hrstatus,firstname,lastname,statuscode,department,title,managerid,manager,company,phone,street,city,state,zipcode,memberOf,country,hiredate,accountexpires,sAMAccountName,mail,displayName
39205,Active,Chuck,Ragland,NORMAL_ACCOUNT,,Gnome Legend,,"CN=Michael Smith,OU=Standard,OU=People,DC=mycompany,DC=local",myCompany,,,,,,"CN=Domain Admins,OU=Privileged Groups,DN=mycompany,DN=local;CN=Enterprise Admins,OU=Privileged Groups,DN=mycompany,DN=local;CN=Helpdesk Admins,OU=Privileged Groups,DN=mycompany,DN=local",,20130509215913.0Z,(never),chuck_admin,,Chuck Ragland
39193,Active,Bob,O'Brien,NORMAL_ACCOUNT,Sales,AVP Sales,,"CN=Alice Chu,OU=Standard,OU=People,DC=mycompany,DC=local",myCompany,,,,,,"CN=Sales Users,OU=Standard Groups,DN=mycompany,DN=local;CN=Users,OU=Standard Groups,DN=mycompany,DN=local",AU,20140624021735.0Z,(never),bob,bob@mycompany.com,Bob O'Brien
38201,Active,Alice,Chu,NORMAL_ACCOUNT,Sales,Chief Revenue Officer,,"CN=Mary Lang,OU=Standard,OU=People,DC=mycompany,DC=local",myCompany,,,,,,"CN=Sales Users,OU=Standard Groups,DN=mycompany,DN=local;CN=Users,OU=Standard Groups,DN=mycompany,DN=local",US,20150903055946.0Z,(never),alice,alice@mycompany.com,Alice Chu
28051,Active,Jim,Smith,NORMAL_ACCOUNT,Sales,Regional Sales Manager,,"CN=Cody Lindow,OU=Standard,OU=People,DC=mycompany,DC=local",myCompany,,,,,,"CN=Sales Users,OU=Standard Groups,DN=mycompany,DN=local;CN=Users,OU=Standard Groups,DN=mycompany,DN=local",US,20140520201834.0Z,(never),jsmith,jsmith@mycompany.com,Jim Smith
45021,Active,Edith,Blake,NORMAL_ACCOUNT,Engineering,Principal Architect,,"CN=Francis McKinsey,OU=Standard,OU=People,DC=mycompany,DC=local",myCompany - EMEA,,,,,,"CN=Engineering Users,OU=Standard Groups,DN=mycompany,DN=local;CN=Users,OU=Standard Groups,DN=mycompany,DN=local",GB,20111031234452.0Z,(never),edith,edith@mycompany.com,Edith Blake
39205,Active,Chuck,Ragland,NORMAL_ACCOUNT,IT,Senior System Administrator,,"CN=Michael Smith,OU=Standard,OU=People,DC=mycompany,DC=local",myCompany,,,,,,"CN=IT Users,OU=Standard Groups,DN=mycompany,DN=local;CN=Users,OU=Standard Groups,DN=mycompany,DN=local",US,20130502233018.0Z,(never),chuck,chuck@mycompany.com,Chuck Ragland
